Name,Company directorships and controlling interests,Other companies and business entities,Employment,Beneficial interests in and trusteeships of trusts,Organisations and trusts seeking Government funding,Real property,Retirement schemes,Managed investment schemes,Debts owed to you,Debts owed by you,Overseas travel costs,Gifts,null,Payment for activities
Kiritapu Allan,"","","","Westridge Family Trust (beneficiary)","","Family home - Sponge Bay, Gisborne","AMP KiwiSaver","","","Bank of New Zealand - mortgage","","","",""
Ginny Andersen,"","","","","","Family home (jointly owned) - Lower Hutt","Bank of New Zealand KiwiSaver|AMP KiwiSaver","","","Kiwibank - mortgage on family home","","","",""
Jacinda Ardern,"","","","","Rocky Nook Bowls, Mt Albert - bowling club","Family home - Mt Albert electorate, Auckland","AMP Superannuation Master Trust|Booster KiwiSaver|Booster Super Scheme","","","Westpac Bank - mortgage","Japan - bilateral visit with trade delegation. Contributor to travel and accommodation: Government of Japan.|Singapore - bilateral visit with trade delegation. Contributor to travel: Government of Singapore.|Fiji - Pacific Islands Forum. Contributor to travel and accommodation: Government of Fiji.|Samoa - 60th Anniversary of the Treaty of Friendship. Contributor to travel and accommodation: Government of Samoa.|New York - United Nations High Level Week. Contributor to travel: Air New Zealand (return travel on the inaugural New York to Auckland flight).|Cambodia - East Asia Summit. Contributor to travel and accommodation: Government of Cambodia.|Viet Nam - bilateral visit with trade delegation. Contributor to travel and accommodation: Government of Viet Nam.|Thailand - Asia Pacific Economic Cooperation Leaders' Meeting. Contributor to travel and accommodation: Government of Thailand.","(Cumulative) loaned items - Juliette Hogan|(Cumulative) loaned items - Kate Sylvester|(Cumulative) loaned items - Zoe and Morgan|(Cumulative) loaned items - Carlson|(Cumulative) loaned items - Emilia Wickstead|(Cumulative) loaned items - Caitlin Crisp|Items for use and onward donation - Deadly Ponies|(Cumulative) loaned items - Meadowlark|Item for use and onward donation - Yu Mei|Handbag - female exporters involved in trade delegation to Australia (to be donated)|(Cumulative) wooden bowl with Harvard crest (x1), children's book (x1), merino cardigan (x1) - Harvard University|Large wooden bowl with presidential seal - President of the United States|Bronze medallion (edition 8/9, gifted by the artist) - Fiona Garlick|Tickets and corporate hospitality for Rugby World Cup opening test (Black Ferns vs Australia, 8 October 2022) - New Zealand Rugby|Tickets and corporate hospitality for New Zealand vs Australia match (13 March 2022) - New Zealand Cricket","",""
Chris Baillie,"The Honest Lawyer (2010) Limited - hospitality","The a2 Milk Company Limited|AFT Pharmaceuticals|BLIS Technologies|MHM Automation|NZX","","","","Family home (jointly owned) - Nelson","ANZ KiwiSaver","Smartshares Australian Dividend|Smartshares US Mid Cap Fund","","Westpac Bank - mortgage","","","",""
Andrew Bayly,"Paparimu Land Limited - residential property (investment)","","","A. H. Bayly Family Trust (trustee and beneficiary)|Kaitieke Trust (trustee and beneficiary)|Paparangi Trust (trustee and beneficiary)|Valerie and Trevor Bennett Family Trust (trustee and beneficiary)|Waitahinga Trust (beneficiary)","","Family home (in trust) - Bombay, Auckland|Farm (in trust) - Waikato|Share of house (in trust) - Coromandel|Apartment (in trust) - Wellington|Share of apartment (in trust) - Queenstown|Share of residential property (through Paparimu Land Limited) - Onehunga,|Auckland","Simplicity KiwiSaver","","A. H. Bayly Family Trust - trust loan*|Paparangi Trust - trust loan*|Kaitieke Trust - trust loan*|Paparimu Land Limited - trust loan*","Waitahinga Trust - current account*","","","",""
Camilla Belich,"","","","The Valerie Belich Trust (beneficiary)|The Belich Trust (beneficiary)","","Family home (jointly owned) - Auckland|Former family home (jointly owned leasehold property), currently rented -|London, United Kingdom|Beneficial interest in family holiday home (owned by the Belich Trust) -|Waikanae Beach","UNISON Staff Pension Scheme (no contributions since 2016) - L&G, Wellington|Management, Standard Life, Pyrford|AMP KiwiSaver","","","ANZ Bank - mortgage|Skipton International - mortgage","","Eden Park in Lego (24 March 2022) - Eden Park|Tickets to Dawn Raids (x2; 18 August 2022) - Auckland Theatre Company|Goodie bag (31 August 2022) - South Waikato Expo|NZSO tickets (x2; 30 September 2022) - NZSO|Rugby World Cup tickets and hospitality at Eden Park (x2; 8 October 2022) -|Spark","",""
David Bennett,"Agincourt Farms Limited - dairy farming|Arapuni Investments Limited (50 percent) - dairy farming|Pirongia Limited (50 percent) - dairy and kiwifruit farming|Horizon Partners Limited","","","D A Bennett Family Trust (trustee and beneficiary)","","Dairy farms (x4) - Te Awamutu|Drystock property - Te Awamutu|Kiwifruit blocks (x2) - Te Awamutu|Residential property - Hamilton","SF Superannuation Scheme|Booster KiwiSaver","","","","","","",""
Glen Bennett,"","","","","","Residential property (jointly owned) - Marfell, New Plymouth","Booster KiwiSaver","","","TSB Bank - mortgage","","","",""
Chris Bishop,"","Parrotdog Brewing Limited - craft beer|Paysauce Limited - payroll software|Telstra - telecommunications|Kiwi Income Property - property","","","","Property - Days Bay, Lower Hutt","ANZ KiwiSaver","","","ANZ Bank - mortgage","","","",""
Rachel Boyack,"","","","","Cawthron Institute Trust (trustee) - scientific research and education","Family home (jointly owned) - Nelson","Lifestages KiwiSaver Scheme","","","Westpac Bank - mortgage on family home","","Pre-match hospitality during rugby season - Tasman Rugby Union|Cultural dress, alcohol - Raj Singh and Ajit Kaur","",""
Rachel Brooking,"CGCA Jackson Limited - medical practice","","","Brooking Jackson Private Trust (trustee and beneficiary)|Brooking Jackson Business Trust (trustee and beneficiary)|Tom and Trish Brooking Family Trust (trustee and beneficiary)","","Family home (jointly owned) - Dunedin|Parents' family home (in trust) - Dunedin","AMP KiwiSaver","","","ANZ Bank - mortgage","","","",""
Simeon Brown,"","National Australia Bank (shares) - financial services","","","","Family home (jointly owned) - Pakuranga, Auckland","Bank of New Zealand KiwiSaver","","","Bank of New Zealand - home loan","","Building Nations 2022 Conference ticket - Infrastructure New Zealand|Millbrook Resort accommodation - Infrastructure New Zealand","",""
Gerry Brownlee,"","","","AJ Brownlee Family Trust (beneficiary)|Bradnor Superannuation (trustee and beneficiary)","","Property - Havelock, Marlborough|Residential property (beneficial interest) - Marlborough Sounds|Residential property - Ilam, Christchurch|Residential property - Fendalton, Christchurch|Residential property - Wellington","Bradnor Superannuation Scheme|AXA Superannuation Scheme|AXA KiwiSaver","","Term deposits - Bank of New Zealand","Bank of New Zealand - mortgages","","","",""
Mark Cameron,"Cameron-Kids & Co Limited - dairy farming","","","Somnium Agris Family Trust (trustee and beneficiary)","","Farm (owned by trust) - Ruawai, Northland","","","","Rabobank - mortgage","","","",""
Naisi Chen,"Gian Consultants Limited - employment consulting|Dream and See Limited (not trading) - event planning|Gal.S Consultants Limited (not trading) - business consulting","AborGen Holdings - forestry|Fonterra Shareholders Fund - dairy|Genesis Energy - energy|Inghams Group Limited - poultry|Intel Corporation - information systems technology|Meridian Energy Limited - energy|New Zealand Coastal Seafood Limited - seafood|NZ Windfarms - energy|Rocketlab USA Incorporated - rockets|Tesla Incorporated - automobiles|Trustpower - energy|Unilever PLC ADR - commodity","","","Aotearoa Chinese Legal Support Limited - legal education and advocacy for New|Zealand Chinese community","Family home - East Auckland|Rental property - Auckland","ANZ KiwiSaver","","","ANZ Bank - mortgage","Australia - participation in Australia - New Zealand political exchange to build|relationship between Australian and NZ politicians. Contributor to travel and|accommodation: Australian Government.","","",""
Karen Chhour,"Kazzer Services Limited - New Zealand - made clothing and property|management","","","Coulter family trust (trustee)","","Family home (jointly owned) - Auckland","Bank of New Zealand KiwiSaver","YouWealth account - Bank of New Zealand","","Bank of New Zealand - mortgage","","","",""
David Clark,"","","","Clearwater Trust (trustee and beneficiary)|Faye Clark Family Trust (beneficiary)|Richard Clark Family Trust (beneficiary)","","Family home (owned by Clearwater Trust) - Ōpoho, Dunedin|Holiday home (owned jointly by Richard Clark Family Trust and Faye Clark|Family Trust) - Alexandra","Booster KiwiSaver|Clearwater Superannuation Trust","","Clearwater Trust - advances*","ANZ Bank - mortgage (as trustee of Clearwater Trust)","","","",""
Tāmati Coffey,"T2 Hospitality Limited - hospitality","","","Tumu Kaituna 8B1 Trust (trustee)|Tauhara Middle 4A IJ 11 Sub 17 and 18 (trustee)|Pukaki Ki Rotorua Trust (trustee)|T2 Trust (trustee and beneficiary)","","Family home - Hinemoa Point, Rotorua|Investment property - Kawaha Point, Rotorua","Mercer KiwiSaver","","","ASB Bank - home mortgage","","","",""
Judith Collins,"","CDL Hotels Limited - hotel operator","","Sigmund Trust (trustee and beneficiary)|Judith Collins Family Trust (trustee and beneficiary)|James Resettlement Trust (trustee and beneficiary)|Schoeller Family Trust (trustee)|Barbara Collins Family Trust (trustee)|Edith Moorman Trust (trustee)","","Family home (owned by trusts) - Auckland|Commercial and residential property (owned by superannuation scheme) -|Wellington|Residential property (owned by superannuation scheme) - Nelson","Holly Superannuation Scheme","","Holly Superannuation Scheme - on demand*","ASB Bank - mortgage","","Helicopter flight - Volta Aviation","","Public Lending Right - book royalties"
Simon Court,"Strategic Engineering New Zealand Limited (no longer trading) - project management, construction management, and technical support","","","P & S Court Trust (beneficiary)","","Family home (jointly owned) - Waitakere, Auckland|Family home (P & S Court Trust) - Glenholme, Rotorua|Family home (P & S Court Trust) - Whangaparāoa, Auckland|Family home (jointly owned) - Thorndon, Wellington","Fisher Funds KiwiSaver","","","ASB Bank - mortgages","","Hospitality (food and drink) while traveling in USA and Canada, October 2022 - Stantec","",""
Liz Craig,"","","","","","Family home - Invercargill|Farmlet (includes house) - South Otago|Conservation block (land) - Coromandel","AMP KiwiSaver|UniSaver New Zealand|UniSuper (an Australian university superannuation scheme)","","Kiwibank - term deposits / savings","","","","","Gift voucher for speaking at Southland Tramping Club (donated to Jubilee Budget Advisory Service) - Southland Tramping Club"
Marama Davidson,"","","","","","","Booster KiwiSaver","","","","","","",""
Kelvin Davis,"","","","","","Family home - Kaitāia","ASB KiwiSaver","","","","","Assortment of beverages for the Māori Labour caucus Budget function - Spirits|New Zealand","",""
Jacqui Dean,"","","","Dean Family Trust (trustee and beneficiary)","","Rented property (owned by superannuation scheme) - Ōāmaru|Apartment (owned by superannuation scheme) - Wellington|Commercial office (owned by trust) - Ōāmaru|Apartment - Waikawa|Apartment (owned by trust) - Ōāmaru","Edzell Superannuation Scheme|Westpac KiwiSaver","","","Westpac Bank - mortgage","","","",""
Matt Doocey,"","","","Doocey Family Trust (beneficiary)|Doocey Kalmar Family Trust (trustee and beneficiary)","","Family home (owned by trust) - Rangiora, Waimakariri|Residential property (owned by trust) - Merivale, Christchurch|Rental property (owned by trust) - Burnside, Christchurch","AMP KiwiSaver","","","","","","",""
Paul Eagle,"","","","","Tapu Te Ranga Marae Trust, Island Bay, Wellington - supporting people in need","Family home (jointly owned) - Wellington|Rental property (jointly owned) - Wellington","ANZ KiwiSaver","","","ANZ Bank - home mortgage","","","",""
Barbara Edmonds,"","","","","","Family home (jointly owned) - Porirua|Family home (jointly owned) - Auckland","","","","ANZ Bank - mortgage","","","",""
Julie Anne Genter,"","","","","","Family home (jointly owned) - Rongotai electorate, Wellington","Simplicity KiwiSaver|Roth IRA retirement savings account in the USA (invested with Interactive Brokers)","","","Kiwibank - home mortgages (jointly held)","","","",""
Golriz Ghahraman,"","","","","","Home - Auckland","Booster KiwiSaver","","","ASB Bank - home mortgage","","","",""
Paul Goldsmith,"","","","Goldsmith & Wilson Family Trust (trustee and beneficiary)","","Family home (owned by family trust) - Remuera|House (half share) - Waitakere Ranges","Simplicity KiwiSaver|Craigs Investment Partners Superannuation Scheme","","Goldsmith & Wilson Family Trust - loans repayable on demand*","","","","","Payment for writing - Cliff Cook|Book royalties - Penguin Random House|Payment for books published in New Zealand - NZ Authors' Fund, Creative NZ"
Nicola Grigg,"NG Property (2017) - rental property","","","","","Home - Prebbleton|Rental property - Rolleston","Forsyth Barr KiwiSaver","Private Wealth Fund - Forsyth Barr","","Bank of New Zealand - home loan","","","",""
Shanan Halbert,"","","","","Birkdale BeachHaven Community Project - community facilities, COVID-19 response","Family home (jointly owned) - Birkenhead, Auckland","ASB KiwiSaver","","","","","","",""
Peeni Henare,"","","","Ngāti Hine Forestry Trust (beneficiary)","Waitangi National Trust Board - manage day-to-day operations of the Treaty|grounds and wider estate","","ANZ Superannuation Scheme","","","","","","",""
Emily Henderson,"","","","Henderson-Biss Family Trust (trustee and beneficiary)","","Family home (jointly owned) - Maungatapere, Whangārei","KiwiSaver: Super Life Age Steps - Smartshares Limited|Superannuation: QuayStreet Socially Responsible Investment Fund","","","Westpac Bank - mortgage and overdraft","","","",""
Harete Hipango,"","","","Tii Kahu Family Trust (beneficiary)|Atihau Whanganui Incorporation (beneficiary)|Morikaunui Incorporation (beneficiary)","","Family home (jointly owned) - Whanganui","Booster KiwiSaver","","","ASB Bank - home mortgage, personal loan|Bank of New Zealand - personal loan","","","",""
Chris Hipkins,"","","","C.J. Hipkins Family Trust (trustee and beneficiary)","","Family home (jointly owned) - Upper Hutt|Residential property (owned by superannuation trust) - Raumati South,|Paraparaumu|Family home (jointly owned) - Upper Hutt","AMP KiwiSaver|AMP State Sector Retirement Savings Scheme|Forest Road Superannuation Trust","","","Westpac Bank - mortgages (x4)","","","",""
Willie Jackson,"Wakatere Limited - whānau programme productions|Ngā Whare Waatea Marae Incorporated - non-commercial urban marae","","","Wakatere Family Trust (trustee and beneficiary)","","Family home (x2; jointly owned) - Māngere Bridge, Auckland|Family home (jointly owned) - Rotorua|Apartment (jointly owned) - Wellington","Westpac Superannuation Fund|IRIS SuperLife","","","ASB Bank - mortgage","","","",""
Anahila Kanongata'a,"","","","","Letiō Tonga o Aotearoa (Radio Tonga of Aotearoa) - Tongan language radio|Fonu Moe Moa Aotearoa Society Incorporated - social services non-governmental|organisation|Aotearoa Tongan Response Group Incorporated - social services non-|governmental organisation","Family home (jointly owned) - Onehunga, Auckland|Rental property (jointly owned) - Tōtara Heights, Auckland","Bank of New Zealand KiwiSaver","","","Select Bluestone Finance - mortgage","","Tonga vs New Zealand Rugby League VIP tickets (x2) - New Zealand Rugby|League|Moana Pasifika vs Brumbies Rugby Union VIP tickets (x2) - Moana Pasifika|Rugby","","MC at the Tonga vs New Zealand Rugby League game - payment was donated|and paid directly from NZ Rugby League to the Mate Ma'a Tonga NZ Rugby|League Incorporated|Speaking engagement (donated and paid to Team Hofoa Lova Tika) - Aotearoa|Tongan Health Workers Association"
Elizabeth Kerekere,"","","","Tīwhanawhana Trust (trustee)|Manaakitanga Homes Trust (trustee)","","Family home - Gisborne","Kiwi Wealth KiwiSaver","","","Kiwibank - mortgage","","","",""
Barbara Kuriger,"Taranaki Growth Spurt Limited (not trading) - operated gym franchise|Shortland Farm Management Limited - general partner for limited liability|partnership|Monster Ernie Farm Management Limited - general partner for limited liability|partnership|Kuriger Trustees Limited - trustee company","Greenplan (Wild Boar) 1999 Forestry Partnership - forestry venture|Fonterra Limited - dairy processing|Livestock Improvement Limited - bovine genetics|Shortland Farm Limited Partnership - dairy farm business|Shortland Farm No 2 Limited Partnership - dairy farm business|Oxbow Dairies Limited - dairy farm business|Ravensdown - fertiliser and animal health products","","B J Kuriger Family Trust (trustee)|L S Kuriger Family Trust (beneficiary)|L S & B J Kuriger Family Trusts Partnership (trustee; both above trusts are|partners in this entity)","","Family home (owned by L S & B J Kuriger Family Trusts Partnership) - New|Plymouth|Family home (owned by L S & B J Kuriger Family Trusts Partnership) - Te|Awamutu|Dairy farm (owned by Shortland Farm Limited Partnership) - Ōpunake|Dairy farm (owned by Shortland Farm No 2 Limited Partnership) - Ōpunake|Dairy farm grazing unit (joint leasehold interest) - Ōpunake|Apartment (owned by L S & B J Kuriger Family Trusts Partnership) - Wellington","Kiwi Wealth KiwiSaver","","L S & B J Kuriger Family Trusts Partnership - loan account owing via trusts|partnership*|Taranaki Growth Spurt Limited - loan account*","ANZ Bank - mortgage","","","",""
Ingrid Leary,"Pasifika Pix & Films Limited - video film production","","","Ingrid Leary Family Trust (trustee)","","Family home - Kew, Dunedin|Rental property - South Dunedin","Simplicity KiwiSaver","","","","USA - for a conference. Contributor to travel and accommodation: IPAC Global|Limited.","","",""
Anae Neru Leavasa,"VO2 Health Care Limited - providing healthcare services","The a2 Milk Company Limited - dairy|Air New Zealand Limited - aviation|Fonterra Shareholders Fund - dairy|Genesis Energy Limited - energy|NZ Windfarms Limited - energy|Tesla Incorporated - automobiles|The Warehouse Group Limited - general merchandise and apparel retailer","","","VO2 Health Care Limited - providing healthcare services","Family home (jointly owned) - Auckland","KiwiSaver - Medical Assurance Society","Australian Resources Exchange Traded Fund - Smartshares Limited|Australian Top 20 Exchange Traded Fund - Smartshares Limited|Emerging Markets Exchange Traded Fund - Smartshares Limited|Europe Exchange Traded Fund - Smartshares Limited|NZ Bond Exchange Traded Fund - Smartshares Limited|NZ Property Exchange Traded Fund - Smartshares Limited|NZ Top 50 Exchange Traded Fund - Smartshares Limited|US 500 Exchange Traded Fund - Smartshares Limited","","AIA New Zealand (formerly Sovereign) - mortgage","","","",""
Melissa Lee,"","","","","Asia New Zealand Foundation - promotes understanding of Asia in New Zealand","Family home - Auckland|Rental property (owned by superannuation scheme) - Wellington","Chul Ssinjin Superannuation Scheme","","","ANZ Bank - mortgage","Republic of Korea - International Korean Politicians Forum. Contributor to travel|and accommodation: Government of the Republic of Korea (OKF - Overseas|Korean Foundation).","Hospitality, miscellaneous souvenirs - Government of the Republic of Korea|Ticket and hospitality for Cyber Security Summit NZ - NZ Tech & Brightstar|Tablet - Samsung Korea|Ticket to All Whites football match - ANZ Bank","",""
Steph Lewis,"","","","Red's Family Trust (beneficiary)","","Family home (jointly owned) - Gonville, Whanganui|House (owned by Red's Family Trust) - South Taranaki","Kiwi Wealth KiwiSaver","","","KiwiBank - mortgage","","","",""
Andrew Little,"","","","","","Family home (jointly owned) - Wellington","Kiwi Wealth KiwiSaver|AMP Personal Superannuation Scheme","","","ANZ Bank - mortgage","","Carved tewhatewha - James Rickard","",""
Jan Logie,"","","","","","Family home - Cannons Creek","AMP KiwiSaver","","","Bank of New Zealand - mortgage and personal loan","","","",""
Anna Lorck,"Attn! Communications Limited - marketing, public relations, and publishing|services","Port of Napier - port company","Attn! Communications Limited - marketing communications","The Tabitha Trust (trustee and beneficiary)","","Family property and lifestyle block - Hastings","Booster KiwiSaver","","","ANZ Bank - mortgage","","","",""
Marja Lubeck,"Max 433 Trust - trustee company","","","Max 433 Trust (trustee and beneficiary)|Shane Eyton Family Trust (beneficiary)","","Family home (owned by trust) - Rodney, Auckland|Rental property (owned by trust) - Auckland","SuperLife IRIS Super Plan","","","","","","",""
Christopher Luxon,"","","","","","Residential properties (x2) - Auckland|Residential property - Wellington|Investment properties (x4) - Auckland","Westpac KiwiSaver|AMP KiwiSaver|Australian Retirement Trust Super Savings|Unicare Savings Plan","","ANZ Bank - bank deposits","","","Hospitality (for five games) - NZ Rugby|Hospitality (for two matches) - Tennis Auckland|Case of wine - Gibbston Valley Winery","",""
Jo Luxton,"LFamily Limited - hair salon|Headstart Early Learning Centre Limited (not trading)","","","","","Family home (jointly owned) - Timaru|Family home (jointly owned) - Ashburton|Holiday home (jointly owned) - Akaroa","Booster KiwiSaver","","","Bank of New Zealand - home mortgages (x2)|Bank of New Zealand - business loan","","","",""
Nanaia Mahuta,"","","","Sir Robert Mahuta Foundation Trust (trustee)|Mahuta Whānau Trust (beneficiary)","","Family home - Ngāruawāhia|Rental property - Hamilton","AMP Personal Superannuation Scheme|Fisher Funds KiwiSaver","","","Westpac Trust - mortgage","","Tickets and hospitality (x2) for women's Rugby World Cup finals - Westpac|Trust","",""
Kieran McAnulty,"","","","","","Family home (owned by superannuation scheme) - Masterton","Go the Bush private superannuation scheme|Kiwi Wealth KiwiSaver","","","Westpac Bank - mortgage","","","",""
Todd McClay,"","","","McClay Family Trust (trustee and beneficiary)","Rotorua Community Youth Centre Trust - oversees Rotorua Youth Centre and|youth-related health and vocational training","Private homes (x2) - Rotorua|Private home - Pukehina|Home - Belgium","ANZ KiwiSaver|T&N McClay Superannuation Scheme","","","Westpac Bank - mortgage","","","",""
James McDowall,"","","","","The South Auckland Performing Arts Competitions Society Incorporated - annual|performing arts competition (registered charity)","Family home (jointly owned) - Hamilton","SuperLife KiwiSaver - Smartshares Limited","","","ANZ Bank - mortgage","","","",""
Nicole McKee,"Firearms Safety Specialists New Zealand Limited - business consultant service","","","Brown Family Trust (trustee)","","Family home (jointly owned) - Wellington","Westpac KiwiSaver","","","Kiwibank - mortgage","","","",""
Ian McKelvie,"Pukemarama Farm Limited - farming|Dunchurch Enterprises - property","","","Pukemarama No 1 Trust (trustee and beneficiary)|Pukemarama No 2 Trust (trustee and beneficiary)|Mark McKelvie Trust (trustee)|Rosemary McKelvie Trust (trustee)|CJF McKelvie Trust (trustee)|Greenaway Trust (trustee)","Bike Manawatu (patron) - promotion of cycling|NZ Dairy Event (patron) - dairy show|Bulls Museum (patron) - old things","Family home (jointly owned) - Whareroa, Taupō|Farmland (owned by various entities) - Manawatū|Commercial property - Palmerston North|Apartment (owned by trust) - Wellington","AMP KiwiSaver","","Pukemarama Farm - personal loan (on demand)|Pukemarama Trust No 1 - personal loan (on demand)","","","","",""
Tracey McLellan,"","","","","","Family home - Christchurch","Westpac KiwiSaver","","","ASB Bank - mortgage","","","",""
Ricardo Menéndez March,"","","","","","Family home - Mexico","Simplicity KiwiSaver","","","","","","",""
Mark Mitchell,"","","","","Orewa Surf Life Saving Club (patron) - surf lifesaving","Family home - Millwater, Auckland|Apartment - Thorndon, Wellington|Rental property (commercial) - Pukekohe, Auckland|Rental property (residential) - Ōrewa, Auckland|Rental property (residential) - Māngere Bridge, Auckland|Rental property (residential) - Māngere Bridge, Auckland","Milford Asset KiwiSaver","","Possum Bourne Family Trust - personal loan*","TSB Bank - mortgage","Morocco - counter-terrorism conference. Contributor to travel and|accommodation: International Parliament for Tolerance and Peace.","","",""
Joseph Mooney,"Mooney Lawyers Limited - legal services|Centre Street Holdings Limited - property","","","Mooney Family Trust (trustee and beneficiary)","","Family home - Central Otago","ASB KiwiSaver","","","ASB Bank - mortgage","","","",""
Todd Muller,"","","","TM and MA Muller Family Trust (trustee and beneficiary)|M and PM Muller Family Trust (beneficiary)","","Family home (owned by TM and MA Muller Family Trust) - Tauranga|Family home and kiwifruit orchard (owned by M and PM Muller Family Trust) -|Te Puna","Booster KiwiSaver","","","","","","",""
Stuart Nash,"Agincourt Properties Limited - holding company / corporate trustee","","","Nash Family Trust (trustee and beneficiary)","","Family home (jointly owned) - Napier|Holiday home - Wairoa District","Stewart Group KiwiSaver|Nash Family Superannuation Scheme","","","ANZ Bank - mortgages (x2)|Euro City (through Nelson Building Society) - personal loan","","Air New Zealand inaugural flight to New York - Air New Zealand|TranzAlpine train journey - KiwiRail","",""
Debbie Ngarewa-Packer,"Ngāti Ruanui Holdings Corporation Limited - iwi post-governance settlement|asset holdings|Pariroa A & B Reservation - Māori Reservation","","","Pariroa Pā (marae; trustee and beneficiary)","Ngāti Ruanui Holdings Corporation Limited - COVID-19 / housing / marae|development / berry farm","Family lifestyle property - Ohangai, Hāwera","Government Superannuation Fund|KiwiSaver - TSB Bank Limited","","","","Portugal - United Nations Ocean Conference - Stop Sea Bed Mining. Contributor|to travel and accommodation: Pacific Parliamentarians Alliance on Deep Sea|Mining.","","","Director fee - Ngāti Ruanui Holdings Corporation Limited"
Terisa Ngobi,"","","","","","Family home - Levin","AMP KiwiSaver","","","Bank of New Zealand - mortgage","","","",""
Damien O'Connor,"Tourism Partners Limited - consultancy|Mahana Berries - horticulture","O'Connor Crossroads Limited - farming","","O'Conor Home Trust (rest home, Westport; trustee)","","Family home - Upper Moutere","Mercer KiwiSaver","","","Nelson Building Society - mortgage|Nelson Building Society - loan","","Bottle of whiskey - Irish Ambassador","",""
Greg O'Connor,"","Mercury Energy Limited - electricity provider|Heartland Bank Limited - financial institution|Genesis Energy Limited - electricity provider|Neuren Pharmaceuticals Limited - pharmaceutical manufacturer|Tulloch Imports Limited - imports farm machinery","","Hōhepa Foundation (trustee)|NZ Police Centennial Trust (trustee)","","Family home - Wellington|Share in residential property - Westport","ASB KiwiSaver","","ANZ Bank - term deposit|Police and Families Credit Union - term deposit","","","","",""
Simon O'Connor,"Aristotelian Trust Limited - trustee company","","","Aristotelian Trust (trustee and beneficiary)","","Rental property (owned by retirement scheme) - Auckland|Apartment (owned by trust) - Wellington","ASB KiwiSaver|Aristotelian Superannuation Scheme","ASB Investment Fund - ASB Bank","","ASB Bank - mortgage","USA - conference. Contributor to travel and accommodation: IPAC Global|Limited.","","",""
Ibrahim Omer,"","","","","","","SuperLife KiwiSaver Scheme","","","EFCO Limited - personal loan for five years","","","",""
Sarah Pallett,"","","","","","House - North Canterbury|Apartment (jointly owned) - Wellington|House (jointly owned) - Queenstown surrounds","Westpac KiwiSaver","","","ASB Bank - mortgages (x2)","","","",""
David Parker,"","Arapawa Island Forest Partnership - forestry|BLIS Technologies Limited - health products|Fund Managers Holdings Limited - fund manager holding company|Pharmazen Limited - animal remedies / food extracts / functional foods|SES S.A. - Europe-based satellite company|ArcActive Limited - battery development","","Karitane Trust (beneficiary)","","Holiday home (owned by trust) - Karitane, Otago|Home (1/2 share) - Auckland","DWP Superannuation Scheme|ANZ KiwiSaver","Obsidian Group Limited (contributory mortgages)","","","Thailand - APEC FMM. Contributor to accommodation: Ministry of Finance,|Thailand.","","",""
Soraya Peke-Mason,"Land Trust Management Services Limited - land trust administrators","","","Ngaporo Waimarino Forest Trust (trustee and beneficiary)|Atihau Incorporation (beneficiary)|Morikau Incorporation (beneficiary)|Hohepa Taiaroa & Te Aurere Waretini Whanau Whenua Trust (trustee and|beneficiary)|Various Māori whenua trusts (beneficiary)","Whanganui Regional Health Network - delivering healthcare and wellbeing|services","Whānau home - Rātana|Various Māori land blocks - Aotea and Hauraki / Waikato","ANZ KiwiSaver","Smartshares Asia Pacific Exchange Traded Fund|Smartshares Australian Top 20 Exchange Traded Fund|Smartshares Emerging Markets Exchange Traded Fund|Smartshares Europe Exchange Traded Fund|Smartshares NZ Top 50 Exchange Traded Fund|Smartshares US 500 Exchange Traded Fund","","","","","","Payment for project management work - Whanganui Māori Regional Tourism|Organisation"
Chris Penk,"","","","The Barkley Trust (trustee and beneficiary)","","Family home (owned by The Barkley Trust) - Waitakere, Auckland","Australian Defence Force Superannuation Scheme|Booster KiwiSaver","Synergy Investments - Consilium Limited","","SBS Bank - home loans","","","",""
Tama Potaka,"Parininihi ki Waitōtara Incorporation (and related businesses) - Māori investment|(mainly farming)|Te Arawa Group Holdings (and related businesses) - tribal investment|Ngāi Tai Hāpai General Partner Limited - property investment|Ngāi Tai Hāpai Development General Partner Limited - property investment","Aka & Associates Limited - consulting|TriMāori Corporate Trustee Limited - charity events","","Karioi Nui Trust (independent trustee)|Tatau Tatau Trust (Rangitīkei whānau; trustee and beneficiary)|S M Paul Whānau Family Trust (trustee)|Tama William Potaka and Ariana Maria Paul Whānau Family Trust (trustee and|beneficiary)|Sina James (nee Chase) Whānau Trust (trustee and beneficiary)|Te Pihopatanga o Aotearoa Trust Board (trustee)","Parininihi ki Waitōtara Incorporation (and subsidiaries) - Māori investment|(mainly farming)|Te Arawa Group Holdings Limited (and subsidiaries) - tribal investment","Family home (in family trust) - Hamilton|Family home (jointly owned) - Auckland|Rental property (jointly owned) - Auckland|Family farm (in Tatau Tatau Trust) - Rangitīkei","Simplicity KiwiSaver|Fidelity 401k","Private equity investments - Pioneer Capital","","ASB Bank - mortgage","","Tickets (x2) and hospitality for Hamilton sevens rugby tournament 2023 - New|Zealand Rugby Union","","Payment for work as Treaty negotiator - Mōkai Pātea Waitangi Claims Trust"
Willow-Jean Prime,"","Turoa Holdings - farming|Whanau Whakatupu - property development","","","Waikare Marae Trustees - management of marae|Waikare Māori Committee - management of hapū and community|Waitangi National Trust Board - manage the day-to-day operations of the|Waitangi Treaty Grounds and wider estate","Family home (jointly owned) - Pakaraka, Northland","AMP KiwiSaver","","","ASB Bank - mortgage","","","",""
Maureen Pugh,"Pugh Contracting Limited - construction|JMS Partnership - beef and sheep farm","","","","Westland Industrial Heritage Park - restoration of vintage machinery","Family home - Turiwhate|Farm - Turiwhate|Timeshare - Boambee Bay, New South Wales, Australia","Fisher Funds superannuation scheme","","","","","","",""
Priyanca Radhakrishnan,"","","","","","Family home (jointly owned) - Onehunga, Auckland","ANZ KiwiSaver - ANZ New Zealand Investments Limited","","DBS Bank, Singapore - joint bank account","ANZ Bank - mortgage","","Ticket to ICC Women's Cricket World Cup 2022 match - ICC Women's Cricket|World Cup|Pandora bracelet - Christchurch mosque attack widows|Tickets (x2) to Big Sing concert, Auckland - The NZ Choral Federation|Tickets (x2) to Auckland Theatre Company Dawn Raids play - Auckland Theatre|Company|VIP ticket to Fieldays - Fieldays|Carved wooden jewellery box - Minister S. Jaishankar, Indian Minister of|External Affairs","",""
Shane Reti,"Reti Holdings Limited - medical consulting and property investment|Reti Contracting Limited - building construction|Winged Victory Limited - property investment","Whangarei Doctors Limited - medical services|Primecare Kensington Services Limited - medical services|SJ & CJ Reti Family Trust Partnership - investment management|Rocketlab Limited","Reti Holdings Limited - medical consulting|Self-employed - medical consulting","Shane Reti Trust (trustee)|Christine Reti Family Trust (trustee and beneficiary)|Reti Philanthropic Foundation (trustee)","Waitangi National Trust - tourism|Northland Hockey Association - hockey activities","Commercial building - Whangārei|Rental property - Kohimārama|Residential property - Whangārei|Residential property - Far North","","","","ASB Bank - mortgages|ASB Bank - flexible finance credit facility","","","",""
Angela Roberts,"","","","Crispin Roberts Trust (beneficiary)","","Family home (jointly owned) - Tāriki, Taranaki|Family bach - Waverley Beach, South Taranaki","Simplicity KiwiSaver - Simplicity NZ Limited","","","","","","",""
Grant Robertson,"","","","KMKT Trust (trustee)","","Family home (jointly owned) - Northland, Wellington","Bank of New Zealand KiwiSaver|New Zealand Retirement Trust (Resolution)","","","ANZ Bank - mortgage","","Tickets and hospitality (4 games, Women's Cricket World Cup) - International|Cricket Council, 2022 Womens World Cup Local Organising Committee|Tickets and hospitality (3 games, women's Rugby World Cup) - World Rugby,|Rugby World Cup 2021 Limited|Tickets and hospitality (ASB Classic Men's Tennis) - Auckland Tennis","",""
Dan Rosewarne,"","Savor Limited - hospitality / consumer services","","","","Family home (jointly owned) - Woodend, Canterbury","Kiwi Wealth KiwiSaver|New Zealand Defence Force Superannuation Scheme (category B) - Mercer (NZ)|Limited","New Zealand Defence Force FlexiSaver Fund - Mercer (NZ) Limited|Crypto currency managed fund - Crossgate Capital Limited","","Kiwibank - mortgage","Australia - Security Conference. Contributor to travel and accommodation:|Konrad-Adenauer-Stiftung.","Ticket to All Blacks vs Argentina rugby game at Orangetheory Stadium - New|Zealand Rugby Union|Engraved boning knife - Silver Fern Farms Limited","",""
Adrian Rurawhe,"","The a2 Milk Company Limited - dairy|Air New Zealand Limited - aviation|AMP Limited - financial services|Fisher & Paykel Healthcare Corporation Limited - manufacturer|Fletcher Building Limited - construction|Genesis Energy Limited - energy|Manawa Energy Limited - energy","","Waipu Trust (trustee and beneficiary)|Rakaia Incorporation (beneficiary)","","Family home (jointly owned) - Whangaehu|Interests in 26 Māori land blocks in the Aotea District|Interests in one Māori land block in the Tai Tokerau District|Interests in two Māori land blocks in the Tākitimu District|Interests in 11 Māori land blocks in the Waipounamu District|Interests in Waipū general land block - Rātana Paa","AMP KiwiSaver|Fidelity Super-Super Plan Number 3 - Booster Investment Management Limited","NZ Top 50 Exchange Traded Fund - Smartshares Limited","Kiwibank - bank deposit","","","Tickets (x2) and hospitality for All Blacks v Australia rugby game - New Zealand|Rugby","",""
Deborah Russell,"","","","New Zealand Business and Parliament Trust (trustee)","","Family home (jointly owned) - Titirangi, Auckland|House (jointly owned) - Karori, Wellington","Simplicity KiwiSaver|UniSaver (New Zealand) Superannuation Scheme - Mercer (NZ) Limited|UniSuper (Australia) Superannuation Scheme - UniSuper Management Pty|Limited","","","ASB Bank - mortgage (jointly held)","","","",""
Eugenie Sage,"","","","","","Family home (jointly owned) - Diamond Harbour, Christchurch|Vacant residential section (jointly owned) - Beckenham, Christchurch|Vacant rural land, 8.8 hectares (jointly owned) - Buller, West Coast","AMP KiwiSaver","","Kiwibank - term deposits","","","","",""
Jenny Salesa,"","Praescient Limited - rental property","","","","Family home (jointly owned) - Auckland|Rental property (owned by Praescient Limited) - Auckland|Apartment (jointly owned by Kaha'u Superannuation Fund) - Auckland|Apartment (jointly owned by Kaha'u Superannuation Fund) - Wellington|Two acres of land (owned by 99-year lease) - Haveluloto, Tonga","401(k) Fidelity superannuation scheme, United States of America|401(k) John Hancock superannuation scheme, United States of America|Tower KiwiSaver|TIAA-Cref retirement account, United States|Kaha'u Superannuation Fund","","","Kiwibank - mortgage","Qatar - representing the New Zealand Government at Doha Forum on behalf of|the Minister of Foreign Affairs. Contributor to accommodation: Qatar|Government.","","",""
Carmel Sepuloni,"Jet-X NZ Limited - waterblasting|Jet-X Christchurch Limited (not operating; shares from Jet-X Limited) -|waterblasting|Jet-X Wellington Limited - waterblasting|VESS 2013 Limited - property rental","","","R & T Severin Trust (trustee and beneficiary)|The Severins Trust (trustee and beneficiary)","","Family home - Titirangi|Real property|Family home (owned by trust) - Shirley, Christchurch|Rental property (owned by company) - Shirley, Christchurch|Commercial property (owned by trust) - Alicetown, Lower Hutt|Land for building (owned by trust) - Tekapō","Westpac KiwiSaver|Retirement schemes|Mercer KiwiSaver","","VESS 2013 Limited - money owed to R & T Severin|R & T Severin Trust - money owed to R & T Severin|Jet-X Wellington Limited - business purchase (home loan) against family home|The Severins Trust - money owed to R & T Severin","Westpac Bank - mortgage|Debts owed by you|ANZ Bank - mortgages|Spider Properties Limited - commercial property purchase","","Tickets (x2) and corporate hospitality for Billy Joel concert - Eden Park Trust|Toni Severin (ACT, List)","",""
David Seymour,"","","","BH & VA Seymour Family Trust (beneficiary)|Beachcomber Trust (beneficiary)|Frere Trust (beneficiary)","","Residential home (as discretionary beneficiary of trust) - Whangārei|Holiday home (as discretionary beneficiary of trust) - Northland|Section (as discretionary beneficiary of trust) - Whangārei|Residential home (as beneficiary of trust) - Auckland","Oakura Superannuation Scheme|ASB KiwiSaver","","Frere Trust - loan","ASB Bank - mortgage","","","",""
James Shaw,"","","","","","Family home (jointly owned) - Wellington","Booster KiwiSaver Socially Responsible Growth Fund","Consilium NZ Limited - Synergy Investments","","Westpac Bank - mortgage","","","",""
Penny Simmonds,"","","","EM Simmonds Trust (trustee and beneficiary)|Penny Simmonds Family Trust (trustee and beneficiary)","","Family home and farm (jointly owned) - Mabel Bush and Ryal Bush, Southland|Family cribs (x3; owned by family trust) - Riverton, Southland|Rental property (owned by family trust) - Invercargill","AMP KiwiSaver","","","","","","",""
Scott Simpson,"Amare Properties NZ Limited - commercial property","","","New Chums Trust (open space covenant trust; beneficiary)","","Land (owned by New Chums Trust) - Whangapoua, Coromandel|Family home - Thames|Rental property - Remuera, Auckland|Family home - Kūaotunu, Coromandel","ASB KiwiSaver|AMP Personal Superannuation Scheme","Balanced Fund - ASB Investment Funds","ASB Bank - bank deposit","","","","",""
Aupito William Sio,"Win-Win Investments Limited - property","","","","","Home - Māngere Bridge, Auckland","IRIS Superannuation - SuperLife|Booster KiwiSaver","","","ANZ Bank - mortgage","","","",""
Damien Smith,"TMG International Limited - business advisory services (growth companies and|start-ups)|Scalata Limited - business and finance advisory services","MSL UK (private company; not incorporated) - microbiological soil products to|the farming and growing industries|MSL Australia (private company; not incorporated) - microbiological soil|products to the farming and growing industries","","Damien Smith Trust (trustee and beneficiary)","","","Westpac KiwiSaver","","","","","","",""
Stuart Smith,"","Chorus Limited (in trust) - communications|Contact Energy Limited (in trust) - electricity generation|Delegat Group Limited (in trust) - wine","","","","","","","","","","","",""
Ebos Group Limited,"","Freightways Limited (in trust) - transport operator|Genesis Energy Limited (in trust) - electricity generator|Heartland Group Holdings Limited (in trust) - financial services|Mainfreight Limited (in trust) - logistics|Meridian Energy Limited (in trust) - electricity generation|NZX Limited (in trust) - markets and trading|Oceania Healthcare Limited (in trust) - healthcare, hospitals, and retirement|homes|Restaurant Brands New Zealand Limited (in trust) - hospitality|Ryman Healthcare Limited (in trust) - retirement villages|Scales Corporation Limited (in trust) - fruit and vegetable logistics|Skellerup Holdings Limited (in trust) - rubber manufacturing|Spark New Zealand Limited (in trust) - telecommunications|Vector Limited (in trust) - electricity and gas distribution|Amazon.com Incorporated (in trust) - e-commerce, cloud computing, digital|streaming, and artificial intelligence|Microsoft Corporation (in trust) - software products, services, and devices|Alibaba Group Holding Limited (in trust) - internet infrastructure, electronic|commerce, online financial, and internet content services|Berkshire Hathaway Incorporated Class B (in trust) - insurance, rail|transportation, energy generation, and distribution, manufacturing, and retailing|Thermo Fisher Scientific Incorporated (in trust) - develops, manufactures, and|sells a range of products|Visa Incorporated Class A (in trust) - electronic payments|Nestlé (in trust) - food and drink processing|Dry Hills Services Limited (in trust) - irrigation scheme related to member's|family home|APA (in trust) - petroleum industry|BlackRock Greater EU Investment Trust (in trust) - investment|CSL (in trust) - biotechnology|My Food Bag (in trust) - food sales|Cleanaway Waste Management Limited - sustainable waste management|Ramsay Health Care Limited - healthcare|ResMed - medical devices|Transurban (stapled securities) - transport networks|Ryman Healthcare (rights renounceable) - retirement villages","","Tayler-Smith Family Trust (trustee and beneficiary)|The Creswell Jackson New Zealand Wine Trust (trustee)","","Family home (owned by Tayler-Smith Family Trust) - Dry Hills, Blenheim|Apartment (owned by Tayler-Smith Family Trust) - Thorndon, Wellington|Timeshare week (owned by Tayler-Smith Family Trust) - Queenstown Mews|Rental property (owned by Tayler-Smith Family Trust) - Redwood, Blenheim|Apartment (half-share owned by Tayler-Smith Family Trust) - Frankton,|Queenstown","Kiwi Wealth KiwiSaver","","Tayler-Smith Family Trust - term loan*","","","","",""
Lemauga Lydia Sosene,"","","","","Māngere Community Law Centre - community legal services","Family home (jointly owned) - Favona, Māngere, Auckland","ASB State Sector Retirement Savings Scheme - Smartshares Limited|Westpac KiwiSaver","","V Sosene - personal loan (home loan) against family home","Westpac Bank - mortgage","","","",""
Erica Stanford,"","","","Poppelbaum Family Trust (beneficiary)","","Family Home - Ōkura|Residential property, holiday home (owned by parents' family trust) -|Whangamatā","SuperLife KiwiSaver - Smartshares Limited|Ōkura Superannuation Scheme - Cliffe Consulting Limited","","","HSBC - mortgage on family home","","Tickets (x2) to Blackcaps cricket match (November 2022, Auckland) - ANZ Bank","",""
Jamie Strange,"","","","","","Family home (jointly owned) - Hamilton|Apartment (jointly owned by superannuation scheme) - Wellington","Simplicity KiwiSaver|SuperSix Superannuation Scheme","","","","","","",""
Chlöe Swarbrick,"","","","","Community Groups Feeding the Homeless Incorporated - facilitating community|building and providing hot meals for people in the Auckland Central city region,|especially those experiencing homelessness","Apartment (jointly owned) - Auckland Central","Pathfinder KiwiSaver Growth Fund","","","Sovereign - home loan / mortgage","","","",""
Jan Tinetti,"Etools Limited - domain name management","","","Merton Tinetti Family Trust (trustee and beneficiary)","","Family home - Mātua, Tauranga|Apartment - Wellington Central","Fisher Funds KiwiSaver|AMP Retirement Scheme","","","ANZ Bank - mortgage","","","",""
Rino Tirikatene,"","The Proprietors of Mawhera Incorporation - commercial property|Cerulina Limited - commercial fishing vessel owner","","Te Rino Tirikatene Whānau Trust (trustee and beneficiary)","","Vacant land (no dwelling) - Rātana Pā|Interests in various South Island Māori land blocks - North Canterbury, South|Westland, Southland","Ironridge Superannuation Scheme|Milford Asset Management KiwiSaver","","","","","FFC ministerial meeting cultural gifts and conference pack (Kiribati) - Forum|Fisheries Agency|Cultural gifts: traditional spear and ornamental waka (Cook Islands) - Minister|Vaine (Mac) Mokoroa|Cultural gift: Aboriginal malgarr shield (Melbourne) - First Peoples International|Business Forum","",""
Teanau Tuiono,"","","","","","Family home (jointly owned) - Manawatū|Whānau home (jointly owned) - Manurewa","Simplicity KiwiSaver","","","","","","",""
Phil Twyford,"","","","Twyford and Easingwood Family Trust (trustee and beneficiary)","","Family home (owned by family trust) - Te Atatū Peninsula","Fisher Funds TWO KiwiSaver","","","ASB Bank - mortgage on family home","","","",""
Sam Uffindell,"New Zealand Humates Limited - soil conditioner manufacture and supply|New Zealand Carbon Company Limited - soil conditioner manufacture and|supply","","","Julia Julian Trust (trustee and beneficiary)","New Zealand Humates Limited - soil conditioner manufacture and supply","Family home (owned by trust) - Paengaroa","","","","","","","",""
Louise Upston,"","Rocket Lab USA Incorporated - manufacture of commercial rocket launchers|Cannasouth Limited - biopharmaceutical research and development|Rakon Limited - design and manufacture of frequency control solutions|TruScreen Limited - development, manufacture, and sale of cancer detection|devices and systems|Mercury NZ Limited - generator and retailer of electricity","","","","Family home (jointly owned) - Cambridge|Apartment (jointly owned) - Wellington","Fisher Funds KiwiSaver","Pathfinder Global Property Fund - Pathfinder Asset Management Limited|Smartshares NZ Core Equity Trust - Smartshares Limited","","ANZ Bank - personal loan","Berlin - discussions on foreign and security policy, economic and social policy, as|well as energy policy / bilateral parliamentary relations. Contributor to travel and|accommodation: Konrad Adenauer Foundation (German: Konrad-Adenauer-|Stiftung, KAS) branch office based in Australia.|Thailand - Parliamentary Forum at the International Conference on Family|Planning. Contributor to travel and accommodation: GPA (Global Parliamentary|Alliance).","","",""
Tangi Utikere,"","Air New Zealand - domestic and international travel|Advanced Micro Devices Incorporated - high performance computing technology|Tesla Incorporated - vehicle manufacturer","","","","Family home (jointly owned) - Palmerston North","AMP KiwiSaver|Fidelity Life Independent Retirement Account","Global Property Fund - Pathfinder|Australasian Dividend Fund - PIE Funds|Smartshares Emerging Markets Fund - Vanguard|Fonterra Shareholders Fund - FSF Management Company Limited","","","","Contribution to fees for Institute of Directors course - Parliamentary Education|Charitable Trust","",""
Tim van de Molen,"Caritim Limited - horticulture and agriculture|Kaimai Capital Limited - investment management services|Kaimai Capital Investments Limited - investment|Kaimai Capital Holdings Limited - investment|Kaimai Capital GP Limited - management services","ANZ Banking Group Limited - banking|Hiltim Limited - horticulture and agriculture","","van de Molen Family Trust (trustee and beneficiary)","New Zealand Business and Parliament Trust - educational organisation dedicated|to fostering goodwill and understanding between the business community and|Parliament","Horticultural property (owned by Caritim Limited) - Tamahere, Waikato|Residential houses (x2; owned by van de Molen Family Trust) - Tamahere, Waikato","ASB KiwiSaver","","","","","","",""
Brooke van Velden,"","","","","","Family home - Auckland","ASB KiwiSaver","","ASB Bank - term deposits","ASB Bank - mortgage","","Tickets (x2) to Billy Joel - Eden Park Trust|Tickets (x2) to Macbeth - NZ Opera","",""
Ayesha Verrall,"Three Guineas Limited - property","","","Winston Wikuku Waititi Whanau Trust (trustee and beneficiary)|Oruaiti 2B2 Trust (trustee and beneficiary)","","Family home (jointly owned) - Wellington|Family property (jointly owned) - Malé, Maldives|Real property|Family home (jointly owned) - Whakatāne, Eastern Bay of Plenty","SuperLife KiwiSaver|Fisher Funds Lifesaver|Retirement schemes|Westpac KiwiSaver","Responsible Fund - AMP Capital NZ|Global Responsibility Fund - Pathfinder|Global Water Fund - Pathfinder|Property Fund - Pathfinder|Global Climate Friendly Fund - PIE Funds","","ANZ Bank - mortgage|Rawiri Waititi (Te Paati Māori, Waiariki)|Debts owed by you|Westpac Bank - mortgage","","","",""
Vanushi Walters,"The Current Limited (not actively trading) - consulting","","","Walters Family Trust (beneficiary)","","Family home (jointly owned) - Waitakere, Auckland","MAS Retirement Savings Plan|MAS KiwiSaver","","","ASB Bank - mortgage (table loan)|ASB Bank - mortgage (revolving credit)","","","",""
Angie Warren-Clark,"","AMP - insurance","","Noel Clark Trust (beneficiary)","","Family home (jointly owned) - Tauranga|Rental property (jointly owned) - Tauranga|Plantation pine blocks (owned by trust) - Northland","Kiwi Wealth KiwiSaver|AMP New Zealand Retirement Trust","","","ANZ Bank - mortgages (x2)","Quebec, Canada - conference. Contributor to travel: European Parliamentary|Forum on Sexual and Reproductive Rights. Contributor to accommodation: EPF.|Malaysia - conference. Contributor to travel: Labour Caucus. Contributor to|accommodation: Caucus Fund Asian Social Democrats Group.","Day trip, Malaysia - Tourism Sabuh|Day trip, Malaysia - Asian Social Democrats Group","",""
Simon Watts,"","","","SG & SRA Watts Family Trust (trustee and beneficiary)|Cam & Marg Watts Family Trust (beneficiary)","","Family home (owned by trust) - North Shore|Commercial property (owned by trust) - Cambridge|Holiday home (owned by trust) - Waihī Beach","Milford KiwiSaver|iSelect Superannuation Scheme Trust","","","","","","",""
Duncan Webb,"Duncan Webb Lawyer Limited (not trading) - legal services","","","TA DA Trust (trustee and beneficiary)|Beneficial interests in, and trusteeships of, trusts|Whaitiri Whanau Trust (beneficiary)|Ruruhira Robin Whanau Trust (beneficiary)|Tarewa 4 Ahuwhenua Trust (trustee)|Aroha Te Rangi Ahuwhenua Trust (beneficiary)","","Family home (owned by trust) - Christchurch|Share in family home (owned by trust) - Wellington|Real property|Family home - Hastings|Family home (owned by Whaitiri Whanau Trust) - Gisborne|Interest in blocks of Māori land (beneficiary) - Tai Rāwhiti, Hastings, Himatangi","Kiwi Wealth KiwiSaver|Retirement schemes|AMP KiwiSaver","ANZ Investment Funds - ANZ Bank","","ANZ Bank - mortgage / home loan","","","","Book royalties - LexisNexis New Zealand Limited|Hon Meka Whaitiri (Ikaroa-Rāwhiti)"
Helen White,"","","","Puriri Trust (trustee and beneficiary)","","Home (owned by Puriri Trust) - Sandringham, Auckland","Fisher Funds KiwiSaver","","","","","","",""
Arena Williams,"Te Manu Rewa o Tamapahore Trustee Limited - trustee services","Tiakina Te Ora. Limited - primary healthcare","","Jacqueline Allan Family Trust (beneficiary)","","Family home (jointly owned) - Manurewa, Auckland|Family home (jointly owned) - Te Aro, Wellington","Te Manu Rewa o Tamapahore Superannuation Scheme - Te Manu Rewa o|Tamapahore Trust|MAS Kiwisaver Scheme - Medical Funds Management Limited (NZ)","","","ANZ Bank - mortgage","","","",""
Poto Williams,"","","","Aaron Thomas and Rereao Marsters Family Trust (trustee and beneficiary)","","Home - Waimairi Beach, Christchurch|Blocks of land (Aaron Thomas and Rereao Marsters Family Trust) - Rarotonga|and Manihiki, Cook Islands","KiwiSaver (default scheme) - ANZ Investments Limited","","","Kiwibank - mortgage","","Pounamu pendant - Ngāi Tahu, Office of the CEO, Te Rūnanga o Ngāi Tahu|Pounamu pendant - Poutini Ngāi Tahu|Bone pendant - Hauraki Gulf Forum","",""
Nicola Willis,"","","","Appledore Trust (discretionary beneficiary)","","Family home (jointly owned) - Karori, Wellington|House (owned by Appledore Trust, discretionary beneficiary only) - Kelburn,|Wellington|House (owned by Appledore Trust, discretionary beneficiary only) - Riversdale,|Wairarapa|House (owned by Appledore Trust, discretionary beneficiary only) - Wānaka","Bank of New Zealand KiwiSaver|AMP NZ Retirement Trust","","","","United States of America - Air New Zealand business delegation to New York.|Contributor to travel: Air New Zealand.","Tickets and hospitality to three Wellington Phoenix football matches - Phoenix|Football Club|Two tickets to opening night of the World of WearableArt Show 2022 - World of|WearableArt Organisation|Ticket and hospitality for the women's Rugby World Club final - MasterCard NZ|Conference registration and dinner at the Australia New Zealand Leadership|Forum - Australia New Zealand Leadership Forum|Admission to the Toru Conference and hospitality over two days - Toru|Conference Invitation Panel|Two nights' accommodation at The Dome Accommodation in Napier - The Dome|Accommodation, Napier|Clothing - Yvonne Benetti|Transfers and hospitality during visit to New York - Air New Zealand|Case of Gibbston Valley Wine - Gibbston Valley Winery","",""
Michael Wood,"","Contact Energy - electricity|Auckland International Airport Limited - airport","","JM Fairey Trust (trustee and beneficiary)","","Family home - Mt Roskill","Booster KiwiSaver","","","","","","",""
Michael Woodhouse,"","","","A & M Woodhouse Family Trust (trustee and beneficiary)","","Family home - Andersons Bay, Dunedin|Holiday home - Cromwell, Central Otago|Apartment - Thorndon, Wellington","ANZ KiwiSaver|Highcliff Superannuation Scheme","","A & M Woodhouse Family Trust - loan*","ASB Bank - mortgage","","ASB Classic Women's Finals Day - Tennis Auckland and ASB Classic|ICC Women's Cricket World Cup - New Zealand Cricket|Women's Rugby World Cup semi-final - New Zealand Rugby","",""
